model,roc_auc,pr_auc,recall_at_top10,fit_seconds
logreg,0.8454321612665685,0.6309479729528639,0.2785714285714286,0.026699542999267578
hist_gb,0.8308472938144329,0.6173722147983894,0.2642857142857143,2.279804229736328
random_forest,0.8153787739322533,0.5774358756496517,0.25357142857142856,0.6654250621795654
